phase 1 time,phase 1 gap,phase 1 obj,phase 2 time,phase 2 gap,phase 2 obj,termination,lowest_gap,method,problem_id,problem_name,problem_dataset,problem_num_agents,problem_num_jobs,objective
150.103835105896,0.00017468756207266194,9982.999999999998,0.01620006561279297,0.00017468756207266194,9982.999999999998,OPTIMAL,0.00017468756207266194,gap ssit,17,c 000900 30,c,30,900,9982.999999999998
