phase 1 time,phase 1 gap,phase 1 obj,phase 2 time,phase 2 gap,phase 2 obj,termination,lowest_gap,method,problem_id,problem_name,problem_dataset,problem_num_agents,problem_num_jobs,objective
150.13556098937988,0.00037948568437633055,9327.99999999998,0.04535698890686035,0.00037948568437633055,9327.99999999998,OPTIMAL,0.00037948568437633055,gap ssit,20,c 000900 60,c,60,900,9327.99999999998
