phase 1 time,phase 1 gap,phase 1 obj,phase 2 time,phase 2 gap,phase 2 obj,termination,lowest_gap,method,problem_id,problem_name,problem_dataset,problem_num_agents,problem_num_jobs,objective
60.24237418174744,0.0002911096018482011,9327.000000000015,0.028249025344848633,0.0002911096018482011,9327.000000000015,OPTIMAL,0.0002911096018482011,ssit third,20,c 000900 60,c,60,900,9327.000000000015
