phase 1 time,phase 1 gap,phase 1 obj,phase 2 time,phase 2 gap,phase 2 obj,termination,lowest_gap,method,problem_name,problem_dataset,problem_num_agents,problem_num_jobs,objective
300.0121958255768,0.001807459628008257,6350.000000000233,0.03537106513977051,0.001807459628008257,6350.000000000233,OPTIMAL,0.001807459628008257,gap ssit,d 000100 10,d,10,100,6350.000000000233
