phase 1 time,phase 1 gap,phase 1 obj,phase 2 time,phase 2 gap,phase 2 obj,phase 3 time,phase 3 gap,phase 3 obj,termination,lowest_gap,method,problem_name,problem_dataset,problem_num_agents,problem_num_jobs,objective
300.01033186912537,0.007653224822534089,6216.000000000178,302.8504319190979,0.007628684987904162,6216.000000000178,75.22572207450867,0.006823986710395471,6211.000000000087,OPTIMAL,0.006823986710395471,gap ssit,d 000100 20,d,20,100,6211.000000000087
