phase 1 time,phase 1 gap,phase 1 obj,phase 2 time,phase 2 gap,phase 2 obj,phase 3 time,phase 3 gap,phase 3 obj,termination,lowest_gap,method,problem_name,problem_dataset,problem_num_agents,problem_num_jobs,objective
300.0154960155487,0.006693488342564513,6210.000000000224,302.7464771270752,0.006021856191429292,6206.0,0.01976299285888672,0.006021856191429292,6206.0,OPTIMAL,0.006021856191429292,gap ssit,d 000100 20,d,20,100,6206.0
