phase 1 time,phase 1 gap,phase 1 obj,phase 2 time,phase 2 gap,phase 2 obj,phase 3 time,phase 3 gap,phase 3 obj,termination,lowest_gap,method,problem_id,problem_name,problem_dataset,problem_num_agents,problem_num_jobs,objective
150.01030898094177,0.0015295827473299078,12443.0,150.00820302963257,0.0012764250252161895,12440.0,0.2082509994506836,0.0012764250252161895,12440.0,OPTIMAL,0.0012764250252161895,gap ssit,25,d 000200 10,d,10,200,12440.0
