phase 1 time,phase 1 gap,phase 1 obj,phase 2 time,phase 2 gap,phase 2 obj,phase 3 time,phase 3 gap,phase 3 obj,termination,lowest_gap,method,problem_id,problem_name,problem_dataset,problem_num_agents,problem_num_jobs,objective
60.01107311248779,0.001546988892471904,12443.0,240.00797700881958,0.001277857535859876,12440.0,0.21927309036254883,0.001277857535859876,12440.0,OPTIMAL,0.001277857535859876,ssit third,25,d 000200 10,d,10,200,12440.0
