phase 1 time,phase 1 gap,phase 1 obj,phase 2 time,phase 2 gap,phase 2 obj,termination,lowest_gap,method,problem_name,problem_dataset,problem_num_agents,problem_num_jobs,objective
300.0218448638916,0.0011053377776597008,12438.000000000047,0.18108510971069336,0.0011053377776597008,12438.000000000047,OPTIMAL,0.0011053377776597008,gap ssit,d 000200 10,d,10,200,12438.000000000047
