phase 1 time,phase 1 gap,phase 1 obj,phase 2 time,phase 2 gap,phase 2 obj,phase 3 time,phase 3 gap,phase 3 obj,termination,lowest_gap,method,problem_name,problem_dataset,problem_num_agents,problem_num_jobs,objective
300.0274910926819,0.004145651779238376,12277.0,304.30600595474243,0.004061416131848183,12276.0,0.022893905639648438,0.004061416131848183,12276.0,OPTIMAL,0.004061416131848183,gap ssit,d 000200 20,d,20,200,12276.0
