phase 1 time,phase 1 gap,phase 1 obj,phase 2 time,phase 2 gap,phase 2 obj,termination,lowest_gap,method,problem_id,problem_name,problem_dataset,problem_num_agents,problem_num_jobs,objective
150.07733416557312,0.0006735836209075477,97887.99999999987,0.016976118087768555,0.0006735836209075477,97887.99999999987,OPTIMAL,0.0006735836209075477,gap ssit,29,d 001600 20,d,20,1600,97887.99999999987
