phase 1 time,phase 1 gap,phase 1 obj,phase 2 time,phase 2 gap,phase 2 obj,phase 3 time,phase 3 gap,phase 3 obj,termination,lowest_gap,method,problem_name,problem_dataset,problem_num_agents,problem_num_jobs,objective
301.479140996933,0.005879230800643098,24493.00000000014,301.52254009246826,0.005026152337371643,24472.000000000146,0.022001028060913086,0.005026152337371643,24472.000000000146,OPTIMAL,0.005026152337371643,gap ssit,d 000400 40,d,40,400,24472.000000000146
