phase 1 time,phase 1 gap,phase 1 obj,phase 2 time,phase 2 gap,phase 2 obj,phase 3 time,phase 3 gap,phase 3 obj,termination,lowest_gap,method,problem_name,problem_dataset,problem_num_agents,problem_num_jobs,objective
301.86284708976746,0.006082129153418067,24498.000000000025,301.87534284591675,0.005270038401830789,24478.0,0.014667987823486328,0.005270038401830789,24478.0,OPTIMAL,0.005270038401830789,gap ssit,d 000400 40,d,40,400,24478.0
