phase 1 time,phase 1 gap,phase 1 obj,phase 2 time,phase 2 gap,phase 2 obj,phase 3 time,phase 3 gap,phase 3 obj,termination,lowest_gap,method,problem_id,problem_name,problem_dataset,problem_num_agents,problem_num_jobs,objective
60.03318190574646,0.002129116326905576,24609.999999995955,240.01389694213867,0.0013823551897529335,24592.000000000236,0.05565309524536133,0.0013823551897529335,24592.000000000236,OPTIMAL,0.0013823551897529335,ssit third,31,d 000400 20,d,20,400,24592.000000000236
