phase 1 time,phase 1 gap,phase 1 obj,phase 2 time,phase 2 gap,phase 2 obj,termination,lowest_gap,method,problem_name,problem_dataset,problem_num_agents,problem_num_jobs,objective
300.13799810409546,0.0012933113959610896,54902.000000000946,0.04556608200073242,0.0012933113959610896,54902.000000000946,OPTIMAL,0.0012933113959610896,gap ssit,d 000900 30,d,30,900,54902.000000000946
