phase 1 time,phase 1 gap,phase 1 obj,phase 2 time,phase 2 gap,phase 2 obj,termination,lowest_gap,method,problem_name,problem_dataset,problem_num_agents,problem_num_jobs,objective
300.10080885887146,0.001238742244849918,54899.000000000175,0.026813983917236328,0.001238742244849918,54899.000000000175,OPTIMAL,0.001238742244849918,gap ssit,d 000900 30,d,30,900,54899.000000000175
