phase 1 time,phase 1 gap,phase 1 obj,phase 2 time,phase 2 gap,phase 2 obj,phase 3 time,phase 3 gap,phase 3 obj,termination,lowest_gap,method,problem_id,problem_name,problem_dataset,problem_num_agents,problem_num_jobs,objective
60.20835208892822,0.0015423371549017607,97255.0,240.08756303787231,0.0015423371549017607,97255.0,0.03144502639770508,0.0015423371549017607,97255.0,OPTIMAL,0.0015423371549017607,ssit third,33,d 001600 40,d,40,1600,97255.0
