phase 1 time,phase 1 gap,phase 1 obj,phase 2 time,phase 2 gap,phase 2 obj,termination,lowest_gap,method,problem_name,problem_dataset,problem_num_agents,problem_num_jobs,objective
300.22279596328735,0.0038712269232872155,54763.0,0.03272080421447754,0.0038712269232872155,54763.0,OPTIMAL,0.0038712269232872155,gap ssit,d 000900 60,d,60,900,54763.0
