phase 1 time,phase 1 gap,phase 1 obj,phase 2 time,phase 2 gap,phase 2 obj,phase 3 time,phase 3 gap,phase 3 obj,termination,lowest_gap,method,problem_id,problem_name,problem_dataset,problem_num_agents,problem_num_jobs,objective
150.1969301700592,0.0015423371549017607,97255.0,150.04460501670837,0.0015423371549017607,97255.0,0.02948617935180664,0.0015423371549017607,97255.0,OPTIMAL,0.0015423371549017607,gap ssit,33,d 001600 40,d,40,1600,97255.0
