phase 1 time,phase 1 gap,phase 1 obj,phase 2 time,phase 2 gap,phase 2 obj,termination,lowest_gap,method,problem_name,problem_dataset,problem_num_agents,problem_num_jobs,objective
300.25957584381104,0.0015423371549017607,97255.0,0.029601097106933594,0.0015423371549017607,97255.0,OPTIMAL,0.0015423371549017607,gap ssit,d 001600 40,d,40,1600,97255.0
