phase 1 time,phase 1 gap,phase 1 obj,phase 2 time,phase 2 gap,phase 2 obj,termination,lowest_gap,method,problem_name,problem_dataset,problem_num_agents,problem_num_jobs,objective
300.47273206710815,0.0022723767415542056,97255.0,0.053320884704589844,0.0022723767415542056,97255.0,OPTIMAL,0.0022723767415542056,gap ssit,d 001600 80,d,80,1600,97255.0
