phase 1 time,phase 1 gap,phase 2 time,phase 2 gap,phase 3 time,phase 3 gap,phase 4 time,phase 4 gap,phase 5 time,phase 5 gap,termination,lowest_gap,method,problem_id,problem_dataset,problem_instance,problem_case,problem_tightness,problem_n_vars,problem_n_demands,problem_n_dimensions,problem_mixed_obj,objective,infeasibility,solution
120.01394200325012,0.08591010474162576,240.01234006881714,0.07727030743006195,301.38475799560547,0.07347083181426903,362.29840087890625,0.0728853584662932,481.9284858703613,0.07177920528521874,TIME_LIMIT,0.07177920528521874,increasing time,593,7,9,5,0.5,100,15,30,true,14443,0,"Bool[0, 0, 0, 0, 0, 0, 0, 0, 0, 0, 1, 1, 1, 0, 1, 0, 0, 1, 1, 0, 1, 1, 1, 1, 1, 0, 1, 0, 0, 1, 1, 0, 1, 0, 0, 1, 1, 1, 0, 0, 1, 1, 0, 0, 0, 0, 1, 0, 0, 1, 1, 1, 0, 0, 0, 1, 1, 1, 1, 0, 1, 0, 1, 1, 1, 0, 1, 0, 0, 1, 1, 0, 0, 1, 0, 1, 0, 1, 0, 0, 0, 1, 0, 1, 0, 1, 1, 0, 1, 0, 0, 0, 1, 1, 1, 1, 1, 0, 1, 1]"
