phase 1 time,phase 1 gap,phase 2 time,phase 2 gap,phase 3 time,phase 3 gap,phase 4 time,phase 4 gap,phase 5 time,phase 5 gap,termination,lowest_gap,method,problem_id,problem_dataset,problem_instance,problem_case,problem_tightness,problem_n_vars,problem_n_demands,problem_n_dimensions,problem_mixed_obj,objective,infeasibility,solution
300.01638984680176,0.03350267585491163,301.86368203163147,0.031682200957288416,301.34599900245667,0.030791906300410364,302.12276101112366,0.030090786772339572,0.1364271640777588,0.030090786772339572,OPTIMAL,0.030090786772339572,even time,621,7,14,3,0.75,100,30,30,false,35106,0,"Bool[0, 1, 0, 1, 1, 0, 1, 0, 1, 1, 1, 1, 1, 1, 0, 1, 1, 1, 0, 1, 1, 1, 1, 1, 0, 1, 1, 1, 1, 0, 0, 0, 1, 1, 1, 1, 1, 1, 0, 1, 1, 1, 1, 1, 1, 1, 0, 0, 0, 1, 0, 0, 0, 1, 0, 0, 1, 1, 1, 1, 1, 0, 1, 1, 0, 1, 1, 0, 1, 0, 1, 1, 1, 1, 1, 1, 1, 1, 1, 1, 0, 1, 1, 1, 1, 1, 1, 1, 1, 0, 1, 1, 1, 1, 1, 1, 1, 1, 1, 1]"
