phase 1 time,phase 1 gap,phase 1 obj,phase 2 time,phase 2 gap,phase 2 obj,phase 3 time,phase 3 gap,phase 3 obj,phase 4 time,phase 4 gap,phase 4 obj,phase 5 time,phase 5 gap,phase 5 obj,termination,lowest_gap,method,problem_id,problem_dataset,problem_instance,problem_case,problem_tightness,problem_n_vars,problem_n_demands,problem_n_dimensions,problem_mixed_obj,objective
120.01886796951294,0.02193444115327619,84453.0,240.01361298561096,0.021466253963830895,84453.0,301.7615189552307,0.021330721575124265,84453.0,362.4317409992218,0.021239788683503073,84453.0,0.13652896881103516,0.021239788683503073,84453.0,OPTIMAL,0.021239788683503073,increasing time,705,8,13,3,0.75,250,30,30,false,84453.0
